var-0,var-1,var-2,var-3,var-4,var-5,var-6,var-7,var-8,var-9,var-10,var-11,ETIQ
0.5516618581500341,0.4562223468771007,0.5950776756584062,0.7990598969383647,0.3393926932673391,0.6411656529181048,0.24467831567575127,0.3768229351321376,0.8361026659437897,0.31043879671733027,0.6364666549959692,0.4466939550086086,0
0.7158882307703941,0.5293173939612819,0.4360131051899693,0.8141897893897404,0.3402100939823696,0.627234701276042,0.2228282642792957,0.380731225329604,0.793381812390802,0.24933198351962474,0.7006628164816795,0.3951975547164383,0
0.5833875620523866,0.5120594347580271,0.6021931868092242,0.720604965869412,0.35996180574438097,0.6103857810428366,0.10162554576770044,0.4454522533130122,0.6809240889074398,0.1522263028551134,0.5979919232178738,0.38248724289214625,0
0.5379160634294047,0.5006567458308692,0.5475995943499408,0.7131155620360305,0.370464709105991,0.6102042506071459,0.20019746178754916,0.5408953910535838,0.737217608291469,0.1949132632951824,0.6580180385501865,0.3881080472408339,0
0.49982502884773644,0.5201977764104128,0.5873997607443739,0.7070114847424442,0.37690182372166303,0.648901335951702,0.20416809538687963,0.43601856110674186,0.7735827072646243,0.28046076751861043,0.6927387232135254,0.36388344836981984,0
0.5178891823216882,0.5794533246150362,0.5768839918826542,0.755845351570221,0.36923823860266525,0.5170705666505836,0.0016147624060756094,0.5737097544597024,0.741837837114019,0.1531794553058337,0.7097107509531061,0.535915370902437,0
0.692310108837196,0.5776567694124823,0.5874086829180996,0.7200202849743652,0.34950024163945453,0.5973114977768246,0.057336885272753824,0.5640542135961407,0.7647462004837001,0.1033760539460502,0.7122381815961957,0.47201935095212,0
0.6237015062449868,0.5095143863157992,0.6424441318270282,0.7531225958100329,0.29045914279221735,0.6174456828505285,0.14055858893972284,0.5886646559635441,0.8085359638025402,0.19670493493784957,0.6756240234133346,0.4015267824763649,0
0.538360525975214,0.5582153797845888,0.7035289394601059,0.9253889778110596,0.3466818084654651,0.5467536334411761,0.20280665610179316,0.47226485898595183,0.7416607394218739,0.06996955514604813,0.6560313638517874,0.5137263666463233,0
0.6663708011599401,0.5655474285548682,0.6570890006707907,0.8424659363478602,0.2706929896657636,0.5405953080962336,0.09117604214905761,0.5366759142204135,0.7433185476649178,0.0538295123556658,0.7105052178141713,0.41282654134521896,0
0.6581222339485102,0.4916243879469994,0.5586858381301455,0.8856710151099003,0.30973084892513814,0.5416761548826213,0.11485209801699803,0.3627127056769103,0.8179220126798493,0.10089733084928348,0.6381036431441688,0.5347598465531975,0
0.6808653986243165,0.6115033671316037,0.5013096267140594,0.8035875499181453,0.383210404036373,0.6318654922778808,0.2020549938718743,0.5746840102893547,0.8263384735696819,0.1620911301659474,0.7291553442402495,0.4325673340684187,0
0.5738003242160998,0.3154549585765324,0.6469660272510152,0.7706796970514436,0.3030841199270495,0.6273980962804824,0.0419087666519099,0.4519162031331062,0.8238392939907253,0.21295603903345506,0.6982177318752641,0.4948014193661771,0
0.5519346608841575,0.41563839496019095,0.6734903699027166,0.7158417451803312,0.3071317292338985,0.6259722664706341,0.14006007422320532,0.37895994525630194,0.7036970062121031,0.23017791944559074,0.69888911482219,0.4149313921230834,0
0.831837317035484,0.2714897143900361,0.39803493990438654,0.9047322745811144,0.4093923026063771,0.7145746433461309,0.38198127935075055,0.18996279774472305,0.8477736424863411,0.015812576661214328,0.8342104888481024,0.7295060328550758,0
0.5379805965919557,0.4177750321289925,0.532876935297911,0.7304505014420146,0.3286684565527001,0.5498840544710064,0.45502680184589983,0.692799172598304,0.6426885895813185,0.09580237356800103,0.836284099563931,0.6361700856567948,0
0.6840512701173203,0.4921345428424164,0.3339736576466789,0.7959591368903342,0.3783098267014687,0.6858621638744482,0.46963540275155824,0.4264305749867554,0.7110362569551752,0.142930547510846,0.7748099362438854,0.6894116633090566,0
0.72766517382289,0.48291158513977617,0.23482151909311605,0.8313906131174473,0.4238274732425633,0.6345371353066624,0.5001825563449439,0.4189629253679591,0.7309097488902545,0.0797507646407179,0.807483196403816,0.67961920587712,0
0.5858942029879258,0.6676092209022909,0.27730693690503655,0.870247744416383,0.4899436882258632,0.614343145580502,0.43245766929553464,0.5412925552484321,0.8408815778990475,0.13031104175278135,0.7876418465131522,0.6645533802857729,0
0.7770750747530037,0.553694127068241,0.42206491422241066,0.828108517491885,0.26503849146541425,0.5593642812311411,0.4828985710200525,0.7396451295748311,0.7600490767739808,0.06098488400630919,0.7409831886882522,0.40864480206131576,0
0.7703767690656647,0.6759916119346437,0.4026357326373439,0.8918865782293837,0.26213375701018304,0.5314444413339465,0.48626461559523404,0.7121453001776465,0.9545228314630928,0.0879752052962865,0.7671650819444041,0.5805805616493708,0
0.6023537590190702,0.6163075235774236,0.26792575760304765,0.7529161989075707,0.3957906790492019,0.5434609577946075,0.35958504617428555,0.6761114245059096,0.8080773237510811,0.056493605914225364,0.737714637145753,0.47584128721289176,0
0.8282133680323687,0.5739106925137738,0.31866431722691974,0.7846926891572865,0.3022314329776392,0.5642120525062861,0.46440987631145203,0.5991138754727132,0.6602921003255028,0.01238476509097397,0.8862729457824502,0.49673065099047387,0
0.8271630415263804,0.3500931774969773,0.33698816078007054,0.8353642604623794,0.34087760368230435,0.680786552313879,0.47039266243264233,0.3914856584339683,0.6193538715826913,0.11915486315242979,1.0,0.6074973156696848,0
0.8288431017996143,0.30433477973805256,0.2657072767719817,0.6312397500813648,0.25736945839516184,0.6566092099993655,0.4211724756776458,0.3883918702390723,0.6767479863453161,0.05621600692221235,0.874770117237996,0.7025535203687827,0
0.6980063068107993,0.41360972224324327,0.26640192405725427,0.8990683173329297,0.4749075352758953,0.6403680194542667,0.371431210302694,0.28393752456350413,0.6977570624615381,0.10070399257789514,0.8307699658805567,0.4434634514502341,0
0.7568156697028989,0.4421313491928821,0.20938124839555114,0.8006445471167232,0.3047088291755926,0.6775119794734514,0.5067721086390086,0.21593079601891374,0.7735262161514312,0.05016961154082383,0.7373491970877284,0.6041188035113716,0
0.6820247037328296,0.3613162249434514,0.515931967507565,0.648956237648511,0.1727013891141636,0.5437523352207405,0.4936739928035029,0.744118444312702,0.608026839381842,0.0,0.9189899262496939,0.5869053505876554,0
0.8760211161343521,0.5620548008038387,0.3173901227991043,0.8041187652672541,0.1722271390474912,0.601626734698558,0.47107761484756405,0.4594302565642514,0.9330884332434379,0.08388363648937186,0.849866445118235,0.7798192840826575,0
0.15652809088569958,0.8594997967367612,0.3861367332998133,0.4013952217837542,0.2691875593731583,0.4588111178976607,0.35021948209914033,0.5769039075159951,0.5835435724317836,0.3103033411701511,0.6719939114187823,0.4687104215859337,1
0.35078204960133436,0.5428041923067324,0.2174800066252361,0.4618975814137896,0.19960013623304312,0.39602404769336685,0.3649258549872383,0.4520879385151353,0.6265473092439771,0.3387485224410165,0.8649508050655197,0.46933268250102395,1
0.26592668176499296,0.6658185264319798,0.29217931004529807,0.42094475769139283,0.25487409609067,0.4677592986408666,0.35721450188044246,0.4861507546742151,0.7082933073979805,0.3648750592431537,0.6885645756754919,0.5500364673568738,1
0.35421853686554094,0.4155687547826225,0.4759991155594924,0.6320378211463568,0.2386459866781202,0.48764901888237416,0.2195310725761388,0.511590964053683,0.7375824538625989,0.3117170531160693,0.7016038284513463,0.5217008002397989,1
0.43908828366212976,0.43183073931184524,0.19998462224369237,0.4631970542176081,0.2536278548750783,0.5296707024345645,0.38746581638984845,0.5383203620570407,0.6287151106071229,0.3672042572836508,0.8305883978704649,0.5191095466484912,1
0.3184074651032293,0.6710525050701633,0.20467453946406744,0.5368014858921173,0.29665172119943595,0.435153068935373,0.3898450581320092,0.4530853831278472,0.6124518641385253,0.38135356894528627,0.8171824565017181,0.5326676616889954,1
0.20135433654584206,0.84239677249454,0.32587379385499676,0.5754194973023762,0.32548551799211867,0.45904644015826207,0.4378810603211646,0.5803176186170786,0.6800491210168709,0.37442470377125703,0.7159104390259237,0.3858319246624322,1
0.2777518837845012,0.711484883419746,0.38671085065573196,0.49460789136018346,0.26761866797168005,0.5129417539200873,0.3635515324796208,0.5867713555774765,0.6935849539215881,0.3261819355689561,0.6141078559537482,0.37123613835441294,1
0.33385237142258717,0.9532716528548429,0.22512672075651124,0.6191724404286629,0.26255509094105245,0.49560830833776837,0.47813537879635537,0.5841596495398774,0.7704674061403233,0.3278187331250168,0.6474179773634249,0.5108662699967667,1
0.4808561019609816,0.18816789556750946,0.6248191039154105,0.55963523524321,0.24857450621138832,0.529966314383109,0.15989407305179193,0.5038636648602923,0.6578272476350758,0.3137282875428289,0.7479652541188062,0.4022738301527872,1
0.3997859245634277,0.546922982974489,0.45325776012372615,0.6393518781494383,0.3120714714026501,0.49693838661257406,0.32165576531285434,0.6969488232042492,0.7642319414674392,0.3316143427142588,0.6540951316416028,0.28365867480345586,1
0.395487944728908,0.5409850731137587,0.4760759370534789,0.7099842164016115,0.2612255608044121,0.4857809074321242,0.33555429275582316,0.49667387948201447,0.6723571786708554,0.309173217528583,0.7110559645244652,0.4414206584711452,1
0.37600886941006084,0.8129450046051061,0.34754645582316385,0.5575197854594274,0.25279767011508414,0.43580637918280163,0.3938050632467036,0.6900101138303623,0.703854693134086,0.30237848405787465,0.6667555713339186,0.40646787384226896,1
0.22152492756631548,0.8777496495974556,0.18902254594269147,0.6023051321104209,0.25684419923044244,0.4857621026061637,0.511205855454561,0.5568522780978971,0.7613327059506062,0.4293077326849813,0.6728909105107844,0.6301553801731229,1
0.40923213252672397,0.4968417451005571,0.3040812970486112,0.5370165306186965,0.206551066256917,0.43687635659139157,0.3881087082126664,0.3411652232181703,0.6885806425285249,0.3919273330056475,0.7921602220842929,0.535702996442782,1
0.7555262744093847,0.2264648594031441,0.5488510048192888,0.6792826496053448,0.4306969178125326,0.7137168092074611,0.2656193078777166,0.44660007376923716,0.76408569782104,0.2161426622944846,0.8119265110864422,0.3462448043742492,1
0.7376758036924768,0.6071648153313463,0.3765080192799648,0.813707406221936,0.3763322232053503,0.6343944557298062,0.5627761306172927,0.6037047351369654,0.8182602470478062,0.22052442424995145,0.8627898931616516,0.3311222055768209,1
0.5431227753260843,0.26539888380908294,0.5976701892833739,0.7086591362824648,0.4321004375400511,0.7219835864130846,0.472469008546031,0.5514231291430869,0.9315875173303502,0.32241716067927917,0.7700367818858199,0.46077394578598774,1
0.7559786365127212,0.31831114108373193,0.47136028401122854,0.7464133811296361,0.3344775521926138,0.6211776781081715,0.40871149373668203,0.5659583909319382,0.9118214398141145,0.21367778659169362,0.7792497763307801,0.5713790342035243,1
0.6740198757878744,0.32336498605240893,0.529373741014076,0.7064337101079998,0.33584342541352147,0.71276027829806,0.5706789844704745,0.665616259395878,0.8582904333585553,0.2602993797822035,0.7626811414510138,0.43941174415649614,1
0.8377497146297774,0.4712704188777968,0.3619461627686609,0.7927851921660289,0.32028689784213366,0.6399247566711892,0.6730128090356904,0.6163528993200991,0.8018459773101095,0.25563306594990065,0.8322928840453903,0.21645833979517592,1
0.8201469362430971,0.4955570708960802,0.2958952063205248,0.68274645036005,0.29829674761711605,0.7134078078872363,0.5832225394481727,0.6137297961762269,0.8991228854022714,0.22838600482735438,0.8053640086826012,0.5320042617922095,1
0.8393709186962612,0.4225925879569268,0.49163207082641686,0.9153405395164067,0.380310791610529,0.6562931155293827,0.5775253629064846,0.4625395833163827,0.9055684742896685,0.17046929442452965,0.800680202030575,0.45283424705304093,1
0.7170386432686761,0.40922298582383526,0.3485163878980613,0.9184321967322264,0.34340368724913006,0.4886431609085716,0.5286927423189678,0.5851080453409474,0.8509815916660228,0.28508421822111724,0.9701794034648177,0.30987227951811247,1
0.8927631248717569,0.4548412896801118,0.3032465013412391,0.959576622253091,0.2983729962658296,0.5838989038913734,0.618461467825526,0.4658168057048151,0.7934419847365749,0.14555199244564965,0.8592968984085404,0.3428529508430418,1
0.5957803839796714,0.3078886149941562,0.47916089800834677,0.8562084398023067,0.4000308593001477,0.7046056429599767,0.5014956930207423,0.5995955383113395,0.8035636550544629,0.25478929616731805,0.7449039024528105,0.37210445155637734,1
0.7349353515228241,0.7073429360340584,0.3315288951520185,0.8910042397182509,0.47197690388388136,0.73594036872128,0.5651489804450476,0.5131224704946068,0.8701162750593656,0.19452481632247773,0.8032604474931279,0.42168041381412896,1
0.8075421833861667,0.46814101466861696,0.2568867165630064,0.7582330108502489,0.11658139675312285,0.5072330646303352,0.7683825815381823,0.5076542745384024,0.7917059508293484,0.15109053483059937,0.697136018664912,0.2628266484172469,1
0.6512220351216931,0.3296898326735573,0.5830122340616029,0.7711910073647383,0.3865899839325699,0.7081919856192156,0.4376985709399206,0.5311891236874966,0.7885718591635893,0.27857436556370135,0.7928828931734366,0.4432803196325303,1
0.7410226402166008,0.4766460515322764,0.3477523871702193,1.0,0.4033000556386818,0.7314756193081298,0.7271198343064367,0.5013105504869143,0.8343951914733536,0.19116542526511648,0.8019918944658718,0.4214477211568142,1
0.13380850578187664,0.9372494700020283,0.23090534212703395,0.4803908653630963,0.4541792031666174,0.5460466171728592,0.16682181105264493,0.5789134054413955,0.6843043827287231,0.34675788896802195,0.7833534696975585,0.4712853412795091,2
0.4328064535114779,0.8023476130879315,0.2073599676343562,0.5512768104988544,0.3866386365937882,0.5314483958525453,0.20611221153377035,0.45988954395761217,0.7577640749466777,0.34086902390056156,0.7793058840942538,0.31356832851042193,2
0.4919369142821265,0.6355804281395958,0.2600543589530322,0.32445890265648947,0.3561640874970638,0.6095204455808096,0.17390981966311092,0.6870449245813925,0.7462115370840439,0.2871543449884953,0.8558104811672991,0.41355751181673184,2
0.423782373570073,0.8266576870341812,0.3573930617776384,0.4601938071589413,0.3614257670305772,0.6175292232973155,0.2759109142921702,0.6548730993125583,0.7520530611571699,0.24208195931807164,0.7818049830924461,0.42385299006110055,2
0.3563392309270845,0.6942007911717591,0.3897159500630941,0.542863820727562,0.380475862227112,0.555682073474756,0.1758007351369848,0.5554444675691949,0.73560631573009,0.2431466555452306,0.7813414433314907,0.40969508113623576,2
0.32611418582359103,0.8423675001152223,0.3233437450320484,0.4949968426093341,0.4809742927188058,0.564999004749835,0.08937347003266283,0.5797525101902963,0.6779564493089251,0.2928653241166396,0.8266900098565602,0.3570159470255124,2
0.35910016035600706,0.9964599323011849,0.2708382243232883,0.5075676600858288,0.4125473479370148,0.5772459547742677,0.252648759681274,0.6563432360091302,0.7508657044366662,0.21949186323160105,0.764942228326721,0.44076038360273073,2
0.13451859531157806,0.8941777122553056,0.19830329036329386,0.5325146181057305,0.49265929220545773,0.5358847914044463,0.19642131174541677,0.6041915971024482,0.6756007138496357,0.3468591489234984,0.7597822699426036,0.4171602357717622,2
0.3352818033864854,0.6501669188744092,0.36617967581432476,0.5006392857717479,0.38425317705280804,0.6067626308273371,0.21382309102169494,0.5607654357405608,0.6640884970888337,0.3019590431865207,0.7634014129102804,0.374063257693315,2
0.3544565627757493,0.9976256794670937,0.0606200787137233,0.5254352639241916,0.4878206656736883,0.6038282834314529,0.3309276161886827,0.495327350750948,0.6975876523803428,0.26235103398923465,0.7801443966489926,0.46422540170792886,2
0.5667677153399013,0.6073138564173264,0.25056541380300174,0.508063653757055,0.3151567447657696,0.5671779208614299,0.12602230679940163,0.4360646742254225,0.7947298949813026,0.36010254878854686,0.8314135840592461,0.2647765270149599,2
0.36944001431373785,0.776735035069446,0.362765566543357,0.5725474109767053,0.3941275612715477,0.5112869889704488,0.10259155141572196,0.54813078549235,0.7995677584696207,0.2920965216845127,0.7103942853098743,0.24031040066245019,2
0.40468681783207494,0.8546825772909165,0.3030892606448751,0.495957708162272,0.33346885168592316,0.6211435733424617,0.28450785983812876,0.5454010279536341,0.7490787733881163,0.30686807725207227,0.7595086356461979,0.4539871280937323,2
0.5122002163268229,0.7442243199004691,0.32139830908318734,0.5041456970667614,0.3475160771330898,0.6450069812132366,0.19361617272591913,0.5015315855613115,0.7948880700508368,0.2984661136000413,0.8338003322592001,0.39853163843342226,2
0.4990713057519428,0.6737435394950647,0.35583207328490213,0.509760211755483,0.36778205425467236,0.5592073279081013,0.10779527453802784,0.5261066172300635,0.7992320064329588,0.35708350194364386,0.801222352977555,0.2606656666061853,2
0.4756062399870305,0.5480877201985206,0.4271399213448752,0.535564549605017,0.41592265237273707,0.688660877310991,0.3013604295164416,0.33905073376224504,0.8396736939237904,0.3704224545960469,0.8241918274848499,0.6253017015350653,2
0.5598418710562438,0.6873960252418219,0.3163640120796851,0.5443498860280372,0.26009186015514574,0.5630327976236233,0.30889912692429056,0.47651996378708195,0.7845820096111853,0.277939354396945,0.8263894437446364,0.5983369217388355,2
0.549985909510136,0.803837003861495,0.24062304796028672,0.6944523377399261,0.41403614963497615,0.5878379472550731,0.36600999105411536,0.45245546768598066,0.8303961703640392,0.3956134660721942,0.6606767936672566,0.4295169766299774,2
0.521478639193192,0.8814206095757936,0.17045750391229403,0.5948658994129405,0.29865088059468553,0.5304636065254559,0.33729892246454585,0.5129210429076032,0.8246013163004751,0.2625733517687181,0.7266918555520704,0.43815046849318917,2
0.29432719160102244,0.7794913963064215,0.1975396297058007,0.5221923316043302,0.4316969989806695,0.5610308848180914,0.3123301627755649,0.5022890195416296,0.8272696120459724,0.33728061755947475,0.7038719424251952,0.5498037571736435,2
0.5895697989213551,0.5789428319361792,0.30673739638694675,0.6971313539269517,0.4321924992117828,0.6027621084354986,0.26873275355703263,0.3817199771285733,0.774803090306657,0.3733289103169242,0.7592763174594842,0.3707551861191592,2
0.4641767909556725,0.6273210108279171,0.23293795168261505,0.6125088164120578,0.3499160589612421,0.6157473009070616,0.42522749539891536,0.37562389993092193,0.705578706668785,0.28185939926597636,0.7877903613114963,0.5640152206311851,2
0.5633626465220011,0.6191545763252722,0.3728142636955264,0.6004059896087369,0.3561261967910632,0.615682141917452,0.3371666472469924,0.4221771563908878,0.7782942889073751,0.2538562927564967,0.8210414512339143,0.4722698124738774,2
0.3240069429468038,0.7696455708449609,0.1848862881928782,0.4898685322666637,0.3728601768810371,0.5703161203263138,0.2858434255764861,0.5676562206454335,0.741194950545933,0.33252718754013705,0.7479685236567979,0.5519959999539251,2
0.16993131789243915,0.8673693347867429,0.17544002291560146,0.6290477219953436,0.5209651033678067,0.5691055368958007,0.3263426567910217,0.4819608936938875,0.6534703118264381,0.35036447886613176,0.7546935576040104,0.5896746962150198,2
0.5117620942567762,0.6491458533559331,0.2662827031435599,0.6278427556870788,0.39932783318242016,0.6525167554594156,0.34892107353202373,0.44151104941562946,0.7994410388474007,0.28934519334585207,0.7343596136136497,0.5666262460307907,2
0.3595505586603584,0.7062961948672458,0.35131927653751077,0.6193126265728981,0.40510462826804156,0.6386856709345115,0.40854744528670794,0.47911982070199743,0.758700350687799,0.3713114679656926,0.7460248416853819,0.6436858465966037,2
0.3537024136734045,0.7084068446250203,0.3323840464490059,0.598490451735522,0.37443981311075597,0.5953669155414376,0.3291109949811304,0.4794140720042641,0.7179831077931602,0.3588950988538385,0.7838674134869219,0.5342382354127749,2
0.5494538524775896,0.6673801861401534,0.34703629795280133,0.5932505720540981,0.40769325380683935,0.64475293916217,0.306531240424321,0.4408449287285322,0.7930882112984932,0.3389627363020127,0.7144369777873073,0.47334333473053697,2
0.4900399983114788,0.21295263791400976,0.5405818903125843,0.462364617825971,0.2938248898763546,0.6310996415353148,0.4530862395913532,0.4120059020090977,0.5912304715417549,0.2658566391357564,0.8336392174761332,0.5271865201640586,2
0.1753082102613608,0.6195986844876095,0.48730678990672577,0.6430260266563161,0.3588417521862498,0.48655945970603653,0.26682478721788594,0.3960312227379873,0.7827402201720838,0.3519914627250231,0.6246282699654565,0.6072319581821914,3
0.3678483437486816,0.5349654165401705,0.3959739013752618,0.6036962041640617,0.24005050070584788,0.48237346566183126,0.2682194864423807,0.2598277156085058,0.8285864980568921,0.28054869929553716,0.5617430162299158,0.7473588408262128,3
0.368882685183513,0.4926181630918778,0.4304453883546543,0.642052849310853,0.23435165477965741,0.5148624280408238,0.2076389039299461,0.2738357701767471,0.7724404441489382,0.2747422487687487,0.5686241434379962,0.5985271701514735,3
0.4647376714116256,0.573839262384767,0.4708129535484049,0.5195532297591813,0.19690087459047778,0.564073135729988,0.2942325613989828,0.4266620751275665,0.7247099112084363,0.2024913594915999,0.5377580766082515,0.5194578085946482,3
0.2840026058268075,0.6187415679344644,0.3350199866459679,0.5408480212863616,0.30584033971350577,0.5767976237897416,0.31738073120287036,0.32054528040933106,0.680842004210412,0.3345860777281289,0.6753466355386312,0.4871067472250048,3
0.4577169525524982,0.4719934157819182,0.5426329997133552,0.5477543406093107,0.15702143995747853,0.5775687228811515,0.280303717401886,0.2914651521462131,0.6688814274446823,0.30710769967299034,0.5281289603235007,0.42539182776870665,3
0.29622298694866733,0.636474859211198,0.4154852316497726,0.5435946097329188,0.29024623089483464,0.5677988766338152,0.293726474096226,0.42391678685546696,0.6429886113471921,0.279775006830107,0.5527266543230688,0.4404276637753875,3
0.303783683857304,0.7371033870858144,0.2935466920479965,0.5838428675198638,0.2965201209586261,0.49663243162625975,0.24914487464255253,0.3927700895562801,0.7207650807071165,0.2977917114655014,0.6962252188581064,0.6915236228412973,3
0.4973176840807162,0.9017768381038483,0.34535863837999337,0.8049424422992826,0.24396911447389497,0.4595792392105695,0.4739920391164072,0.330959114766776,0.7715469690363381,0.27136522044829803,0.5584530727264554,0.5689263296440706,3
0.3214130075621558,0.8077353280059122,0.20697829851315352,0.440080548099906,0.1709230445418965,0.6007342442697539,0.49309045860152023,0.5163721070110023,0.7279327493869562,0.3009594648365714,0.7339745260302459,0.6427404727000101,3
0.20141204133148496,0.7652877932140337,0.3380293975490717,0.6560219720803808,0.30152305484020164,0.4686067043552719,0.2993104806967021,0.47808124811535146,0.7480740009634642,0.2743870595993748,0.571726139263142,0.6934374902637467,3
0.051751000704514605,0.8887107979978699,0.2605029595425951,0.4553745313105865,0.36010721869489193,0.5817349061792058,0.4074135517554931,0.5251351820914346,0.645624818392095,0.3737563548623021,0.5848582383259507,0.5583837103180023,3
0.3581458683597091,0.7857631762255016,0.2094847267362165,0.6370342535654399,0.25235330298363573,0.4416689876139225,0.3852070296899932,0.33465790508396687,0.7940167651614223,0.24059669530998085,0.6240754842807865,0.6288061368384406,3
0.39380079969494797,0.8146672802623056,0.2594790659246402,0.6555700031448937,0.21548343076635362,0.4159616709013288,0.35726402063624896,0.2944910391478558,0.7305314062664446,0.31769502642956504,0.617031777622286,0.5692419123056791,3
0.41376338472490337,0.7555941825169122,0.22195362733907448,0.6616328902902662,0.21524315000273508,0.48460310102034704,0.4181313062044645,0.2329012608605579,0.7659656392115849,0.22223906464588047,0.6163729826447303,0.7349365059872056,3
0.7085682145954235,0.3607296964017035,0.2746839933724241,0.8062705710614746,0.48338066766114457,0.7081173936088379,0.22518487699372558,0.3269591004655465,0.5867314309049498,0.3356772606023941,0.9249323808180852,0.2629815126407968,3
0.22458471708023037,0.8520481261531755,0.195552568141374,0.6444326747090449,0.5109363195015721,0.6042728564334893,0.33868607133849127,0.5673191785553388,0.7225216529158421,0.3797663121280257,0.7916795555551501,0.49109286455141066,3
0.2613145487077102,0.7424357528333871,0.250089145850489,0.5619253775980309,0.47761940580267215,0.5618979680537355,0.37613146500132955,0.5702566276889532,0.6778935480669863,0.2918852544722482,0.8504788070287699,0.5592852322049626,3
0.08699330624208723,0.8583574305785412,0.24873036073905216,0.7331947848370399,0.5597777920227586,0.5711115672259944,0.37324086975723314,0.544381354808133,0.7541701651703524,0.4372585084564953,0.7523903896644358,0.5757797411193695,3
0.39078915883862275,0.6729153949841502,0.3572397276672419,0.653772741179445,0.4595510846383057,0.6873653898864986,0.4004341045424087,0.4876751864879312,0.7295514410352466,0.33814751455322517,0.7901947883995277,0.6282784580139074,3
0.29283610209564076,0.8813146900322837,0.18970157353317485,0.6825404459071309,0.4428319109649611,0.638364759127168,0.5104271776177443,0.5582253799755681,0.7485814178018377,0.3675931547224169,0.6997728577009734,0.48553894613256426,3
0.1879278519645762,0.9771509879185426,0.20942707083452028,0.6922983410439979,0.5271197674333568,0.5902389817478784,0.4249695667028911,0.542368640432711,0.6639702363657813,0.3984300720819043,0.8281834696877194,0.5146758416601002,3
0.09675659248911994,0.6785139133162233,0.3200389825840636,0.501622152624391,0.5586086527320349,0.5927473918033502,0.2499172072506345,0.36732269434451503,0.6840473196009272,0.369373316022339,0.7467537468302056,0.4840158662191999,3
0.3305290905296303,0.46752977193275685,0.48372827269760066,0.7176983171508997,0.48054694513977614,0.6458089623904519,0.2797135780074749,0.5552190042184759,0.7662187653749931,0.38415241951231277,0.8351381134350488,0.345189252419359,3
0.2841685884206877,0.8370351108368248,0.28151817005606283,0.5885351630127337,0.450181382683322,0.6077484791023631,0.2690092926881541,0.6311580869922664,0.6861781558199608,0.2779860876542713,0.7900090907123316,0.45357860759265356,3
0.20794936491346852,0.8079904290195197,0.27896614944922155,0.7047983206312494,0.5324572013862172,0.6078153870419958,0.3612753132553943,0.593468320209409,0.7313588720452378,0.37399670654472417,0.7729024367418259,0.4504640507832266,3
0.11828710012781182,0.7872817493346623,0.22287718214156763,0.6220523896316235,0.5341921033091876,0.5838267010831943,0.2718269195698605,0.5227201207397795,0.7150268705717061,0.3377327279996632,0.7581576231421712,0.5023758986275055,3
0.44494495888459584,0.5873649659541126,0.2539934482352005,0.7004810822380851,0.4643481619952492,0.6950187282937013,0.3591032422327516,0.4905458325473311,0.7392398592519486,0.3561486987100656,0.78847487189015,0.42467426931957086,3
0.13302841139408111,0.9251840256701586,0.10464117759433247,0.554714086612571,0.5229738322486096,0.4911347424834845,0.2952229638288564,0.4615425136655651,0.615500451513798,0.29076626155124924,0.8091526758390092,0.5328759353469338,3
0.42672167942849626,0.5394530632797595,0.43865692104180504,0.7262759978986659,0.495075830256487,0.6944970277583933,0.1834975488984606,0.4814487403630562,0.7557127328205772,0.3334043839112858,0.8254195638204309,0.3733806150049028,3
0.3194257175149814,0.4213260360771489,0.42856085706800184,0.6219451439236874,0.2676892546971477,0.46525009014595686,0.24028112625760933,0.3583764291974758,0.7464495249913337,0.258605410220988,0.557452426839802,0.42203691866783577,4
0.4217360942747747,0.6456389800389262,0.2674306461492941,0.7311977530988074,0.319237447656293,0.5477571715303353,0.3599962691423192,0.25296092689877314,0.7456466188489798,0.27657119928519774,0.6587875190789692,0.4738524626410384,4
0.37714701757731905,0.5814202530945405,0.4164788382666608,0.7680505595509006,0.3964122976252769,0.5430215108380205,0.31770700631294024,0.46035348197067727,0.8219267342183496,0.2684182871236295,0.6807151403544645,0.4876557288267407,4
0.4611428669430492,0.7408078476102645,0.29184126945441385,0.6488551418827184,0.36979298373604097,0.6300765099744987,0.39442542192844454,0.4465169199641088,0.8315191035476132,0.24735030830797775,0.7037463559878855,0.4670721029771464,4
0.521813006948775,0.8032608006630217,0.29731787825574785,0.6824960609931054,0.2802629462272636,0.609790585564595,0.5085447270712986,0.4350236830139139,0.7634033808290384,0.2286258710931182,0.710464957391812,0.36494174631106197,4
0.45962742654432265,0.6573059092332244,0.35582457697309305,0.7397844941950731,0.3325748024971032,0.5779122215950157,0.37948996378539057,0.38730341152656056,0.8059718726229623,0.2587277619278877,0.6557932828603905,0.4026405836588065,4
0.29256656977727685,0.8496875287043173,0.28322113601699966,0.7321865076090606,0.41654463044380974,0.5794676258449332,0.3219714074154899,0.28331449268531,0.808486242531057,0.33114611183037057,0.6459818332758998,0.4618941874618441,4
0.4604855678746301,0.5703807102069134,0.2854169583756578,0.6214758963025024,0.3789049407870887,0.556893072893289,0.38287349982237107,0.42651920633892626,0.7254113450681836,0.21443275232580528,0.6955288660385431,0.3324912346598836,4
0.40562492204200473,0.544712164370448,0.4750489002240454,0.8085917619675059,0.34382066668920713,0.5142319471263079,0.3750123462246966,0.3706258551478274,0.7319760034609467,0.19110778750760923,0.5807124744683508,0.350673622701898,4
0.237336037057853,0.4821332583573706,0.39890132710784765,0.49965736713474956,0.3840148823640312,0.5932220273925053,0.20687282135566853,0.4475935452417096,0.7020903396477679,0.30238698216453297,0.6541583899200077,0.46565022214797414,4
0.5173675896502912,0.7344487713070499,0.24297190304890243,0.7131803021842835,0.3411067575775568,0.643145643466035,0.4834362111521836,0.3760830859160621,0.7722507796932919,0.23639633661999976,0.7225990910233601,0.4595579324201335,4
0.357743062303845,0.5698412688562005,0.2872407306984123,0.7167982952205905,0.42789892544853303,0.6010850915915623,0.3712619918221248,0.4097447100275632,0.7837160335222982,0.22124560202233462,0.6850899216945607,0.5189043689356755,4
0.4596621613393789,0.4529982614223541,0.35839561663630565,0.7388702476399376,0.38866509167107843,0.5658661763289868,0.3827594671745298,0.2860671440664768,0.7548512183977893,0.2663395721977942,0.7393176366578913,0.436100132698243,4
0.5737519118985515,0.4789985845120751,0.3150542203020403,0.5159620551820026,0.23492951824089942,0.5712174739996043,0.3397426457956403,0.33363706248621716,0.6687369649190197,0.1935663797348605,0.6904316376534615,0.4376938649763587,4
0.4351558265206921,0.7826994270532557,0.26395371547076435,0.5939455171007282,0.28393649254769165,0.6096510276464684,0.5067716295275397,0.43354537784193725,0.6955438194617337,0.2550448278570683,0.698153497485312,0.5091018750737808,4
0.41050412576025985,0.5838610406322109,0.31042363407385076,0.6819417352265023,0.36851663938045637,0.5096072379275727,0.4225420713806064,0.3742187903505831,0.7139033560886827,0.2223731565369282,0.632009750601853,0.3147033248388197,4
0.35712472756502406,0.4333135001742793,0.2954781174254423,0.6862603741572209,0.41521934103774555,0.5149522386501002,0.4005918074666831,0.3757230738702668,0.8027581859727003,0.3260051002326643,0.7005616806234203,0.44193199603770544,4
0.42122403917551343,0.6925283706274107,0.3374289775166231,0.7056812574767344,0.44130024510036336,0.6131510111278009,0.39278890963713775,0.4595456918883739,0.7098324007754689,0.2720540480218306,0.7040806609931084,0.3769309042343362,4
0.33644154733257614,0.6165022524691577,0.3752797388710817,0.6099305967664831,0.4502791104549233,0.6005120255503775,0.40551413856090557,0.531375054104205,0.7892099946774741,0.36951062395587025,0.7746025755697123,0.41793195111938125,4
0.414766620326283,0.32321869712286655,0.5128309254126319,0.5739400537179168,0.3746792290960391,0.5842893916469452,0.3573262139779805,0.4795969016231949,0.6606892828986269,0.33736508914111,0.7609747567411758,0.28911297152949805,4
0.4353170799543439,0.5651439937779148,0.2159902731880903,0.7496390860999462,0.37050344769272586,0.5310493908525548,0.47143917698406657,0.37758669234724707,0.770595192208407,0.31905548123650596,0.7085081020843652,0.4332150610767977,4
0.23551191898068363,0.7636660670694043,0.1337151613427375,0.589414539330146,0.37358993664413526,0.4783538411569463,0.4402176372979729,0.44835769954995197,0.7158901824882667,0.3372117398561032,0.6961927083332466,0.4284106800404444,4
0.25674181090049186,0.5236607387993717,0.3116364774213348,0.6583860144634568,0.40873078487407616,0.5189125142826682,0.31937653861749793,0.4649990346001792,0.7271336162513345,0.3192534854833009,0.6558783613708822,0.40997080462192304,4
0.22937363159502444,0.43442332028332276,0.48284576502130394,0.7147683440129755,0.4032783283857879,0.4993238688123436,0.42678026891088894,0.590114603457461,0.8092460345890036,0.2906360465145094,0.6121630007575192,0.34888724854809805,4
0.444557437731517,0.5943474527023604,0.27448118414895034,0.7209480929155534,0.3964936000592353,0.5074618757327962,0.4391471212984577,0.46373362532462814,0.7142749547804615,0.30452343853706565,0.770538723678418,0.34534958865925525,4
0.4736361731234067,0.37328635343273026,0.4025500382002007,0.6739426219142528,0.3658431468919219,0.5556159272667988,0.2559011183008031,0.37284395438952067,0.8263653027921123,0.32813228259938865,0.6345070396976961,0.35673501536847513,4
0.20955302530749684,0.5511750339921537,0.2947136988052527,0.6421754631786561,0.41735060581009154,0.4836129369313802,0.2995539796761967,0.46808332104002537,0.7778156966990976,0.3275235994233812,0.6585676845415801,0.45943077293329226,4
0.14577733233050733,0.6744198594546043,0.28415723190002923,0.5667561863067386,0.42992771657756845,0.5379145754698761,0.3507829564217595,0.4558845079740451,0.7596178541405386,0.3518524589634757,0.5765988578896111,0.45801204810543694,4
0.4406487033095169,0.4578069322781454,0.43608694811068327,0.7917726709121857,0.3926829381262759,0.5521119738654177,0.463488194988794,0.42913034727164723,0.7552536389163772,0.30816926636009767,0.6425852246696554,0.2557355777356636,4
0.43160300733227597,0.27471460048704754,0.4307819706117261,0.6620788265656148,0.3520589002046217,0.518644224057,0.3582031352353332,0.4256267569985762,0.8404963233284796,0.37784906458320067,0.6707716403336335,0.4289858674930292,4
0.3414872337769946,0.6550710455250567,0.22985554076828285,0.675182348157066,0.49773917641789983,0.453989915332078,0.37849054037058616,0.5976785088954522,0.7375505752454651,0.07792863310832204,0.7849895409598266,0.6815393351832784,4
0.1905577336356184,0.6570333605019377,0.21905885399643343,0.7117445916334166,0.6935834334538257,0.47909500537079663,0.2443770748492432,0.5440312233267244,0.6835220440941584,0.16002957226764392,0.8159518160279317,0.5338419411910684,4
0.3712124556298748,0.606301355645097,0.4498317708456688,0.8592480700407412,0.6586640065123948,0.5945025776253563,0.3223901776746503,0.6791224863687458,0.7631734417318313,0.25218789000503417,0.72024926367234,0.30794657035980183,4
0.3163898787938722,0.7133471778547406,0.16926540292442432,0.8485557444056382,0.6300843997599566,0.4372658637853831,0.30268754447998647,0.4948506968271713,0.7052617357120728,0.11303414894181046,0.744197910390319,0.5248281889596635,4
0.4790602793986066,0.45384787947271443,0.393679348926796,0.9268594163467205,0.6718312295602582,0.5404621763248059,0.26150952186848586,0.6091323831223254,0.7339767115257368,0.08403907141894118,0.8763340112092177,0.4020859993965546,4
0.3333836280582006,0.7729164213325912,0.15887142636839943,0.6135316669782198,0.3122418974990058,0.44013474641384775,0.4424721358402891,0.5457271170396681,0.7184711555312578,0.1530403576310655,0.765409671103803,0.7709217194058312,4
0.1792452417912213,0.7670374029868468,0.2240461380729851,0.807823666872023,0.6172126838468212,0.45117116830717585,0.3647369052678826,0.4532733657221446,0.6264920565160891,0.2506294105430717,0.7741403331474901,0.534499948785887,4
0.4092253788974066,0.622632205383682,0.3371138384244581,0.7721703563801443,0.5152593704983686,0.5114342413599596,0.24468904243899336,0.5131624702717942,0.7877222518480912,0.12402989389463731,0.7501452796058424,0.6756602615654163,4
0.38832143131759594,0.6526303656210501,0.28331920833501617,0.7248326376463536,0.40058645805361043,0.408650623811601,0.39420777309795507,0.6381837194411005,0.6614432408674779,0.03106176045277681,0.8167458771792907,0.6406442655582156,4
0.4265142323484395,0.7322084250583735,0.3075506158835315,0.7318741140061751,0.5396078517785294,0.48559076875015933,0.2749197842483234,0.7055419232153641,0.7118810578813483,0.07439277140412925,0.8905338563695648,0.5076387082773077,4
0.0,0.8013851541702557,0.14455790364560306,0.6461235581929257,0.6572377373082888,0.46173127326155977,0.30326133260047017,0.5604705040092528,0.5265813831204731,0.20655341397028296,0.7850262988027369,0.5769838717651867,4
0.3254728458732243,0.7182675756867867,0.2460502755423005,0.8306939064573475,0.7241509556114812,0.5731956085690537,0.23596759090861652,0.45313659513427396,0.781043650965888,0.1180826724179162,0.7491655939357132,0.63070232592378,4
0.4207611918431,0.7340426283275835,0.31795054971073927,0.9106893610013396,0.6613876617859398,0.5035318182619467,0.3755559411533904,0.714534113776077,0.7803498646779072,0.08445775736758787,0.840023565175474,0.4745044996697659,4
0.34851795983922174,0.580697768167844,0.22716433303751352,0.6327273044013663,0.49801765477908994,0.48739234955322486,0.46267941252882827,0.6306460246538004,0.5796741518119449,0.02916430954123639,0.8264795336201849,0.6152483108001078,4
0.24562983609338668,0.8960767670990604,0.21488626015447354,0.7311838280216779,0.5045550405605261,0.4244164095695489,0.46413916184683046,0.7292613391877201,0.6421154140296694,0.040771643374469924,0.7135921263233191,0.6204825435384769,4
0.456147803126302,0.7895708594223978,0.18036095595275117,0.6833718798560112,0.3410229087931154,0.4753234196385671,0.5397808951978866,0.37596462720960827,0.7062744702482027,0.3800069442447011,0.7636811582216967,0.49738783819822796,5
0.2614700264288311,0.735591825096336,0.37144040750132556,0.6486472286070896,0.46782804953643975,0.5582283853643408,0.2456083241988658,0.38106197814852477,0.7687850820953188,0.34012640265111466,0.6418649818264127,0.4791277015009322,5
0.5049022195533928,0.6312707409302656,0.3832307621613993,0.8513447744055711,0.3286241268442911,0.4785853119597211,0.4162860541602279,0.3148004487497527,0.770593572022885,0.37578442610257035,0.7258452856636664,0.4344582556854434,5
0.6742716859596962,0.7894933664431826,0.32647801491254747,0.7670976558281677,0.1967484757804167,0.5508056552206925,0.5972088442542562,0.4848678299004052,0.6434707940506563,0.28939714806849715,0.8080143674230323,0.4246733916541829,5
0.28920247817749245,0.631489048469598,0.44480865183656965,0.7308001311334553,0.4625516537085169,0.5420142529096149,0.3645572816728947,0.4470553223975292,0.77409060870039,0.3681008045389764,0.6549334955661482,0.4549921018427038,5
0.4037631596908773,0.7799468002267324,0.4016370208228727,0.697051486274745,0.2968843548427066,0.5182595083522838,0.442367769952414,0.4499160340096414,0.8298717547857052,0.3104081983314693,0.6492069314824159,0.4558075304147115,5
0.3969642691356743,0.6119641005795733,0.38839284003361185,0.6674733533109043,0.4312845840507417,0.523938047963583,0.2783797313884536,0.39898205649727103,0.743080694195239,0.3981634477188569,0.7806769547976893,0.43995836548870054,5
0.714156716637592,0.8112931339409966,0.0,0.7115935177951865,0.34838538331514385,0.5469414035117224,0.5076091250273745,0.3321619845890953,0.7415085431086051,0.3885553938304064,0.7386649166796765,0.4121112498771719,5
0.7132372933891995,0.8850740449171454,0.2283287115714317,0.6591451424761148,0.1768223098171015,0.5583605777346041,0.6819658851098993,0.40932152632119945,0.70772244520614,0.29916813455445146,0.8157215538972498,0.38004704298593406,5
0.7488946622263242,0.8307518437364707,0.21473632274235485,0.6060127067816354,0.189445505592151,0.5001426556396698,0.48159375361895473,0.499677701418878,0.728890947275193,0.42718662284368664,0.8108730733666768,0.40824007946951874,5
0.6776190594201522,1.0,0.27137086342957517,0.6578716858746034,0.1795331420993358,0.4590759117079544,0.5285678557544442,0.5725445310666174,0.740937128418718,0.4065120768511827,0.7125851528528259,0.2704630420798936,5
0.26525990904704677,0.7233247561794867,0.31340217882669164,0.6668386126455276,0.38666148535367917,0.4874858115834644,0.28409250530895536,0.4608462454158744,0.7660970350446936,0.4145360302910572,0.7259191312699502,0.5116597157578474,5
0.5438686064760019,0.4831385725128975,0.389669387180401,0.6052852807270264,0.3340647917492053,0.5013217794813893,0.2194222247508375,0.42406703595120276,0.784113757813019,0.37753734353594115,0.811942738505023,0.37178598569087007,5
0.5468316822908669,0.4613652465106244,0.5870148157300857,0.6960356133079801,0.3758107354526793,0.5351958752467383,0.21510170100868142,0.37090647349600725,0.7671099888431016,0.35688698525158435,0.8180878490486523,0.3734179619200528,5
0.42896613787904003,0.5963643493157128,0.31805102863404056,0.7944890149050399,0.3871722427539211,0.5809443089880031,0.29380201828140495,0.2834166090049593,0.8382429616179642,0.357518081469087,0.5921386200852674,0.48187096720490785,5
0.4627669830247252,0.5742856862777095,0.6584317472220116,0.7499657472617458,0.328514445975374,0.522783899348945,0.29388564997651245,0.46303245614714417,0.7354935434224149,0.20893285109045548,0.7005110416751988,0.3042179772311705,5
0.4721734284280764,0.5351438218413173,0.5232558173267392,0.7755515952823084,0.3248438644244737,0.555341693146262,0.25665867394127295,0.47526429311539364,0.8772454620738582,0.3265548002159141,0.8009728604941466,0.43116439375396753,5
0.5751596004953363,0.5646433792506357,0.36098882907748137,0.7012772039845205,0.37885926183637303,0.6316247510969508,0.21863678403942122,0.31352027003925975,0.7547384881877105,0.38415317931056236,0.8421269534664005,0.327326070453421,5
0.4269204980918071,0.48627952911051486,0.4781040158901213,0.7536909480113074,0.43007675299295894,0.6147594806448055,0.3096059463309765,0.38805199174851157,0.7416564755814213,0.2529369965925404,0.8237766783193727,0.57242241175758,5
0.5285713396274099,0.844187180242502,0.29667957057919553,0.7180320129498603,0.426241229412042,0.6244400924542963,0.3664355586696978,0.5450942645750668,0.7221112573967226,0.19135419282169602,0.8217229719821659,0.4878071573693605,5
0.3959550179195589,0.5227211364471018,0.582462202672535,0.6862097838761793,0.404822632858954,0.5548365633082498,0.33005673628214394,0.5628261934758718,0.7437212212450359,0.23416373834090823,0.7671125116198895,0.49200647847012713,5
0.3871031488579361,0.6214495887256328,0.5869581987552365,0.801417186596014,0.34263061261484945,0.49164656890918107,0.29205259527598304,0.5603436903359054,0.6145408763460027,0.2206267948762889,0.8329347572178845,0.576362436398615,5
0.4399732365634105,0.5831550362054126,0.4220486057100028,0.5516481801465211,0.378622765257044,0.7699705733605595,0.19256024952724993,0.4951748116292395,0.8389347059733474,0.29385556415664665,0.8507729425388055,0.6683684828625963,5
0.4933656981972799,0.6592145770739765,0.4226342893345067,0.8424407157573648,0.379778345648092,0.6217706401824183,0.2523959990538305,0.46383095656648765,0.9321813824932591,0.29865218936589505,0.7688191922236319,0.5908203693813902,5
0.3933874012306793,0.6987883107008761,0.38549624342427735,0.7313856869308597,0.38034871920579394,0.6765007195613859,0.4135856165825522,0.43967075424459845,0.7618094524390177,0.3591641668045888,0.754737423586674,0.5584799864693121,5
0.45625283101122294,0.47065441233261557,0.5627389414507816,0.5973172994215454,0.36482826143871694,0.7063604481560428,0.29154901681161804,0.3593461209631841,0.7330214324308141,0.3067559360010341,0.7173352496574658,0.42061408533868255,5
0.4070494320093281,0.692651143144333,0.4278227037638019,0.7603992393845103,0.3501206354874074,0.5617425678025514,0.24194917248145353,0.5260561347915863,0.7938344585122115,0.2724932085163456,0.7673244489234772,0.504281451735495,5
0.5117513697402827,0.5453952730443945,0.6157008869057029,0.8701696847864651,0.3643517778982305,0.5563942236708437,0.25904031168766484,0.5814382405291482,0.7305811653204728,0.11408231360482884,0.7681008750116336,0.39121489925741004,5
0.29301610180331744,0.723336596700827,0.49453314916205215,0.7867720356338471,0.39489031247789996,0.6094953074987418,0.3281705851157668,0.5809652876613788,0.7406746881720152,0.24649100655996636,0.6955077023985206,0.4188123569633577,5
0.4459142073014386,0.6590238846824379,0.3132961419298913,0.6087497377915123,0.3893478810769165,0.6835592783418771,0.34890821272488437,0.6663278852209775,0.9061921614379408,0.28982843131968516,0.8748446494748906,0.5906586167615259,5
0.8757619891331225,0.3102169961592681,0.5200537881459486,0.8333217419061199,0.35782651160821605,0.46788501173858527,0.30722862183143473,0.49843098565032484,0.874915885596226,0.2985616472913358,0.7440435762374749,0.0,5
0.5773871572473648,0.4211751737074453,0.38304803365089135,0.6527030955054702,0.29856836843129475,0.5061002338360046,0.38382454080687856,0.5054663057119252,0.729128026968973,0.25734604801060434,0.7777175737818978,0.38605478116693814,5
0.6418832750360288,0.8433881411023785,0.23999727397764672,0.5040476149240439,0.21103099393758318,0.5885685071677027,0.559305011314359,0.6366079891629524,0.671800915274699,0.2885608581229608,0.7255446476759492,0.27722265894902876,5
0.5029411049702252,0.4934627186574019,0.37880329696562903,0.5956903766852325,0.370283679699023,0.610068117083478,0.20994957713559137,0.4063448241248675,0.5902576135489646,0.17910166710598707,0.803215931050559,0.3934523500847078,5
0.6560511129634246,0.47491268818783894,0.33535072612881567,0.5623805138794531,0.21658175437645716,0.5697942755752885,0.3742967771850382,0.5771147962564088,0.7370534417037357,0.19379960442436733,0.7774419545074096,0.4311223504023815,5
0.7325794206720092,0.36509778801109843,0.35332329584520084,0.5234571830320283,0.19491671381921355,0.5414837214793344,0.2363960396328445,0.4795435133441963,0.7046750730194349,0.2391471292404291,0.8720428096314893,0.3917479603482627,5
0.4803949606726684,0.517578191919611,0.4047232932587674,0.792042039541048,0.3214344039743156,0.4263759720726061,0.3133685668119045,0.5477230090046463,0.8234743853783991,0.27775370567712876,0.6677677739918714,0.3735936817763038,5
0.7066782267866203,0.18288893065409417,0.6087071720133914,0.8282783539807652,0.34550543712343323,0.5761971220893334,0.24103549385480316,0.5225400391496883,0.7570870213984582,0.20033624171220313,0.6634382411425583,0.14196572291048892,5
0.7097000558094273,0.3471493695637588,0.4679938155033335,0.45530465192928216,0.3085840929857682,0.6227628268429738,0.17294132497197812,0.7746753766059422,0.7033406030684023,0.2810863525216565,0.8382964452581297,0.25108682336399923,5
0.6353878052125418,0.5978623468695757,0.31137600105353697,0.7269190101585679,0.33980618302699783,0.5328826359976888,0.29465804580277477,0.41046369125304194,0.6767359077280387,0.27192573273900555,0.6679934800127207,0.24491702204677152,5
0.7066934891746899,0.5686497983454162,0.35190449613562974,0.8003494521919359,0.37269506902968924,0.47008203826171624,0.37500374248351054,0.5657835485595197,0.7313237019679469,0.23938585647598518,0.7237904528469586,0.037078327903256714,5
0.6659539391251519,0.4101185404298089,0.3830282289142852,0.5413024526962518,0.36212630979431487,0.573291935956259,0.1667326131873722,0.4515072374841653,0.6648740221355403,0.27431891745645254,0.7916790663399965,0.21616319314698473,5
0.3911235356160916,0.47864202845419307,0.49343792280347254,0.5428883354115627,0.4080388179723705,0.575251435193056,0.35131286264041217,0.5661827895498536,0.7845406399155831,0.3246291478884556,0.7209067791976037,0.35755686451015267,5
0.5496311669790974,0.5849043363376225,0.3316958739205921,0.8115551961161951,0.3842733712521517,0.49461793582728375,0.365147799619187,0.4885994899010261,0.7479566517720029,0.28756235612069947,0.743821086028027,0.3117195527721016,5
0.6255915578504389,0.7233018610227103,0.23254640699824025,0.5848993237284434,0.25070095388307695,0.5713853119296691,0.5280785760885519,0.595421496050543,0.6566618571388209,0.26556056055250155,0.787037169265795,0.31077255846380164,5
0.872129966399539,0.2539162927804566,0.38395445594951705,0.8132751126868771,0.4503134088299442,0.6278386063648913,0.07522480589012326,0.24818586721156977,0.7685146827795856,0.21457818052698668,0.751379672961985,0.29931954692738566,5
0.7825441819165446,0.15803736074224684,0.31204571466508846,0.6867285603366442,0.2948204812537012,0.4991348889660083,0.19734627862797394,0.4124228612803731,0.8674222753351273,0.30182760992848184,0.853469083588456,0.4978633684713366,5
0.7882929853595222,0.33992531404487897,0.3925413703890125,0.8907804907513572,0.29486194552655687,0.5846127521040768,0.40395403926663165,0.20875297081274388,0.8235576844458072,0.2516217668947044,0.6052395118357788,0.4395239741721911,5
0.8817668850225608,0.6010494597973195,0.32198102367033343,0.703696010421216,0.14739168382000056,0.5888399506641151,0.51901757812581,0.30661355630852793,0.8249791424477317,0.1857585025974579,0.6111652200644746,0.39893742861102005,5
0.6665453681297855,0.0,0.5446777960746341,0.4476854346846305,0.22591110826626615,0.6141858692692954,0.20538905029788135,0.1857624251436229,0.7750005149959988,0.26726919414869066,0.6831954907799053,0.49705746296009645,5
0.7357680232879762,0.3933859897896797,0.2823752352024083,0.5090336550828407,0.3163042308592046,0.6841428928296072,0.2242819529371518,0.2567058863284036,0.7448416964559742,0.2576500807164761,0.8619123650846849,0.6256124747074571,5
0.6856394060838404,0.03659555926998359,0.3959344806840631,0.6940310764366157,0.21338584242836844,0.6041410030876648,0.25957105056523977,0.1120914662183351,0.847587479465385,0.31450084843393,0.6952103616708826,0.5078702328385281,5
0.8684571938774803,0.3535173005753699,0.4293266861213041,0.7884212977612022,0.24718422904555215,0.622565883874836,0.3334807898812241,0.2545138952181992,0.8464205615179032,0.1687561486069457,0.6782887583028653,0.31595499493544277,5
0.7294337032060323,0.16584503450080101,0.4114360073847849,0.4714850065537872,0.23967835629675915,0.691182533028287,0.28063170089954603,0.3608580030464983,0.7415761729888442,0.27965137118083233,0.818556590137802,0.47507015428558286,5
0.8473770484601042,0.09752920899103379,0.4274550497601898,0.6797808238486953,0.24801985134094362,0.5635331748910218,0.32190214632304714,0.268797616393536,0.8442010533696596,0.22861329963107122,0.8091180265403821,0.3677535614624982,5
0.6069598897430198,0.14468143757994545,0.7228008516515443,0.49520640507082303,0.2949070927228262,0.6231264405009441,0.1300150334448512,0.4045093541480108,0.865019620933015,0.1954366374794737,0.6229456516706852,0.45751573002354845,5
0.6380822227872214,0.1384615812402319,0.4090785625323139,0.6461156488692774,0.2777686092830609,0.5345767430120507,0.38609585464071083,0.3670527431146178,0.9297140414805979,0.3321652592255758,0.695589553935003,0.47390123886102475,5
0.8073642862600892,0.5847139226732108,0.47480170865041194,0.7156390774181317,0.02154145644729133,0.4864249869069898,0.5051920831526516,0.3599060321110354,0.9377417109023825,0.22003410703048834,0.5677489567548876,0.40631081195517893,5
0.6058464953502226,0.17981252992867236,0.622939550412875,0.47612134387534805,0.21227110772742347,0.6033041665691411,0.2110026555760296,0.4145548278686342,0.9102084628676506,0.2651253138401517,0.5817615546867788,0.46531758102035314,5
0.7342925552376772,0.13767702558423167,0.30456006600944213,0.763661105968271,0.26900375320650927,0.5333552384317051,0.35373257760609433,0.31796211259374596,0.9601398342855685,0.3051368128661695,0.7160082986539519,0.4409582018149951,5
0.8861129290494041,0.40086113799202466,0.6222360460241587,0.3084262676285542,0.8623754484738255,0.12356786235768676,0.6901489705471066,0.3973914948799983,0.2276753299542964,1.0,0.20553644578905195,0.9161026199897379,5
0.4591825405554535,0.33034099855116295,0.7723824514603208,0.29539869030136745,0.8432324368068798,0.2498620523682587,0.7187777803286968,0.4407454219326028,0.4783429099102893,0.7781048502055037,0.26153766340195306,0.8824629651390924,5
0.30089810769459124,0.40555704548978794,1.0000000000000002,0.061119349794856836,1.0,0.15656533460746436,0.6524235093099429,0.45659743244123296,0.45685553551386404,0.6962664487849242,0.1920384713927078,0.8518041363747753,5
0.5785946090113614,0.4508933159870366,0.6405866362034036,0.2841331468614478,0.6907873691277641,0.28783020178599306,0.7190309800723864,0.42926394027943593,0.30614026801803135,0.8491783558870553,0.24777373039563816,0.8562433552429944,5
0.5533072837577846,0.36411364890932163,0.8799301106729831,0.47269348365125335,0.903656396662662,0.24910304015072224,0.776239766828829,0.4965947132604269,0.36328250452195193,0.7908338189591668,0.23856070114618633,0.9482179663673482,5
0.6353719443127441,0.3373689200839401,0.7003330979014171,0.24097082365909833,0.7419588347644184,0.01468781533953839,0.9999999999999999,0.43147527984600176,0.0,0.8746083426523845,0.25730602990256135,1.0,5
0.683510227199352,0.5947626775429083,0.637091773504501,0.28107791850489217,0.9304233897685477,0.0279006274244107,0.8782025395133323,0.4758130309601972,0.30593433067048387,0.902865163029382,0.09354429763259164,0.8850272194721807,5
0.5068585216854739,0.3085473205632289,0.8815787249160827,0.0,0.9229518703312335,0.059504972618939306,0.7091824319994614,0.3164566976616118,0.3267648102173802,0.827859816593332,0.2590734439300004,0.9359480067240867,5
0.3129490783133503,0.35408105587666294,0.8227404554233224,0.04406243229943263,0.9743421709016836,0.0,0.7349427002106492,0.35678015922681916,0.3392258032174064,0.8090890346383883,0.26297414603026353,0.9186869878550308,5
0.5717433328290475,0.5715302186242113,0.7737575550417419,0.31764550053727414,0.9240596373500759,0.22880584476490307,0.6901593823421995,0.41107916102038067,0.37352551244665627,0.7888630378628875,0.20314628170052162,0.7844030110409768,5
0.4325541996349407,0.32478767857664265,0.8884615789380201,0.25205239456381884,0.9083703894130017,0.18351405831551465,0.7089047047552997,0.4551789914755573,0.31028020766649334,0.8641859885653178,0.3028713650614061,0.7612899774895471,5
0.646169994345755,0.45079900477066015,0.9346086279466794,0.32578464052294587,0.7446451641190613,0.07026762519352146,0.8156064749108383,0.4221364844210903,0.37839198342130764,0.8031462607711337,0.0,0.9140504497546088,5
0.5078285460104977,0.5414290116933135,0.9382614365869297,0.3238031329276984,0.8890912705375313,0.1826361667894651,0.7080080456134408,0.4427719253618648,0.4442011755030312,0.7820039756896271,0.11138327134915305,0.8167867384723173,5
0.4741814449492019,0.4563078763164496,0.8103769705046546,0.2511854359673804,0.8525629296077815,0.19270381472258286,0.7994870739536414,0.35984500282504905,0.35122468887769615,0.8755729656643156,0.3261703268645861,0.9237970449858439,5
0.4412793962749386,0.5184583892918753,0.8822563481554277,0.1808747463671653,0.8518785151830272,0.10632581151200944,0.8624238818374044,0.4688819932727981,0.37101945759328,0.7823659600109294,0.18963690652700305,0.871838941202679,5
0.33505960062419804,0.7894349655822397,0.4024599239695683,0.3755405228224672,0.9571065033134474,0.2156650387284081,0.5648515822674223,0.774363670972317,0.4842401628150293,0.6243709979013481,0.3119236005278258,0.704609429562611,5
0.365212678974946,0.5823834651706538,0.47955726432095536,0.4360068135143577,0.915373076984782,0.19364542045433805,0.6171050031621972,0.6451625421921225,0.39238641431309046,0.7237346069310875,0.4186940015669559,0.8005220848525899,5
0.11240616803036535,0.676438384224591,0.44573080036633306,0.15309475763202895,0.8659565903776719,0.24950552482479374,0.6976643037836839,0.6151215700303606,0.3633381117202772,0.6312726409515509,0.5132418216405512,0.8360394162085272,5
0.2239107268596131,0.7680410570488194,0.3991897851072578,0.38901091840954405,0.8543462235657784,0.27997647144191956,0.6077295552543684,0.6543816694034557,0.42326686752437637,0.7097851929982139,0.49737864810127097,0.7120978820823819,5
0.27415218774144323,0.6155046154334297,0.3970826609601883,0.41580243604709743,0.8108950077226175,0.2126071907897194,0.5413033011325966,0.7638497514270777,0.3882845529702306,0.6832858890737272,0.5328454402653461,0.6858397713202053,5
0.3525667793992863,0.7171113557515576,0.3948841626732268,0.30972880850343193,0.7045134734995859,0.22105038923367915,0.6300393831744074,0.7832143514158757,0.2938979364988052,0.6553497974425162,0.6543592502143526,0.8161024120074979,5
0.07748329692791331,0.7616602062032203,0.3033561116717496,0.4116564615854533,0.7939127258782884,0.2469601460097955,0.4516286362419729,0.6338144380583497,0.4113231255301349,0.6169805765320842,0.4408720071694821,0.7435274470610672,5
0.2371426420372113,0.9151180329339172,0.2758928366427894,0.31078437960576827,0.7511337652654297,0.2182729333758488,0.6310113849888487,0.5872716679912396,0.2830336874139672,0.683882514742661,0.4617265099512974,0.6361748062470994,5
0.11081543295520094,0.8343278566848631,0.39195181735561435,0.2837331853406381,0.8939134762508388,0.32284190349586295,0.5404784408192215,0.7105174147869328,0.39515478951247196,0.6529413682127532,0.6044524524195543,0.6686923838475538,5
0.09843335849319612,0.7726077231098747,0.39822703901116985,0.5943535640648177,0.7615200977961009,0.12334600783055547,0.5226318694353046,0.7789236835511044,0.3840710857751012,0.5995233528662754,0.4054212040464313,0.6835327456720212,5
0.1763551905636318,0.7495128174373812,0.4350561086728444,0.33778295747694237,0.8350766875231865,0.3131580368556972,0.6137354803757069,0.6730609262007485,0.4539192355192738,0.7049239621835357,0.5208296547274777,0.7152942909289501,5
0.3335327508364992,0.5490802612684631,0.5974551995551541,0.4924790699319881,0.8533041066530561,0.2354846998507383,0.557152580603062,0.6984002926395888,0.39821562189249604,0.6633347577019518,0.43429955615954735,0.7350145639830288,5
0.2759565132711521,0.6856848094253538,0.4559722021579646,0.4629189445923991,0.8116263439887437,0.31465282522469296,0.562214027324929,0.7635120171434376,0.40484464267327724,0.7028500701645961,0.5397290080538794,0.6100181304887091,5
0.12136630682138982,0.7469032815365438,0.39155156189413276,0.2935924045891343,0.7451288199983478,0.2732954253712241,0.6107513535724511,0.7194641797936686,0.45714505305424236,0.6468649739611545,0.557776959740059,0.7655811437098694,5
0.1587872709859762,0.47994543295498915,0.4381083838426634,0.3351685337185226,0.76092617605419,0.23280647488387624,0.5259608371873528,0.784562690784076,0.4212430561874934,0.6152259893063231,0.5363245758616461,0.8115964667905453,5
0.7929564576234787,0.3752868934255502,0.22418305854830958,0.9333347121296616,0.48200644004882875,0.657059241731552,0.5915609115384867,0.29505797405361056,0.7276972049425562,0.2366682119492908,0.9026071827978461,0.6112261400382926,5
0.7288113937197864,0.4859281073800217,0.22967868593284602,0.8894354999490068,0.3857256370516579,0.5036245559435626,0.5242827592828299,0.2935437077219155,0.6656048368677844,0.28705152442301396,0.8244079177196415,0.5877666528314043,5
0.5504937034814315,0.5726237553524267,0.33592582461574905,0.7960364725003483,0.31802648859891636,0.5284926079884844,0.6800273994364696,0.47061772645593314,0.821457763271184,0.3876196652778143,0.798860955401923,0.5934188361143378,5
0.9401164137918163,0.41795086726346214,0.27194796935407745,0.845661402674216,0.3523698563003023,0.5447893426733945,0.605935493068259,0.3139955467617803,0.6296692792836197,0.1563887019918862,0.891487922030988,0.4535046069746838,5
0.6712469521423967,0.2953409151221955,0.40606660863483107,0.7236373107373486,0.20839276061683448,0.4661063081943868,0.5505368061181807,0.3818142573440336,0.7317075047572227,0.23770221025580016,0.8511997054370437,0.7032821011823134,5
0.7646626827750302,0.26487180038936786,0.23931546154944008,0.7426813332254258,0.31636128888903087,0.5301978421156317,0.33052887016022703,0.27556669052156224,0.7645409938292027,0.3217326516117011,0.8794803126257869,0.7107859152507985,5
0.6990312484694678,0.38746453375559126,0.25085956774848905,0.8001870848001407,0.42224430996868434,0.6258434404684845,0.4318894940000908,0.3903944504580029,0.7641264204147775,0.2438147722694175,0.8663747540450442,0.7034447034327952,5
0.8207882343704467,0.1449741675397631,0.40137879985673286,0.8898464216834732,0.40151648864375183,0.48924037358449013,0.4356416408873256,0.26059225428521277,0.7460252428200057,0.2579281636486191,0.9402101849484659,0.5723289505355907,5
0.775115149697148,0.719577078257972,0.31036842268632925,0.9055015847451089,0.08985500233907617,0.3741323387681074,0.6900451799003571,0.5114832655490759,0.8032156877374756,0.27565216104711154,0.8253155295970203,0.6119504824872405,5
1.0,0.7295679993523253,0.1034700242792938,0.9096368756832311,0.2814551864646772,0.5928404242198563,0.8730014221559912,0.44315201761905065,0.6944691973498487,0.249818831496507,0.913840072402493,0.4564229991500779,5
0.8371109108080019,0.3415665732228703,0.38435846591591527,0.9241868475417772,0.3768646720832609,0.5424200515092987,0.6180703085824302,0.38649786740141084,0.7185420561307003,0.21368095826549285,0.8727260772170959,0.5764428453608623,5
0.86263059287002,0.36373082196334305,0.21852254566808185,0.941578948530136,0.3290473602105227,0.49070437095567987,0.6922478264954257,0.38014657350466274,0.8303201323453687,0.2605699760624218,0.9200351719344797,0.6025150960085103,5
0.7537751986908732,0.45098947232993497,0.19533111941217546,0.957984384796607,0.4387648381820295,0.51052453322043,0.4647688037724822,0.2658513404887064,0.7956440132029,0.29391401653965415,0.9073675643696026,0.5517106114776312,5
0.8201276494992369,0.31986994017331255,0.29020904993560515,0.7400404565743868,0.27611311115539605,0.5590203088561041,0.5725455893531994,0.4245433968432092,0.7928623196249354,0.30448809867931786,0.8936603772951335,0.5908057826999494,5
0.7614587336046885,0.4831871612680965,0.3012808814532998,0.8858051930979891,0.4043295949929188,0.5480056870763766,0.6298387351581802,0.3187559954816683,0.6831323605320659,0.24309476176893877,0.8885470920884131,0.5395178674972679,5
0.5399801455328423,0.2937569209896882,0.3893136553908991,0.7352226066586534,0.35239349467187736,0.5288237662436486,0.16729759466292737,0.29916196764736724,0.8532211254034199,0.29135128302670577,0.9027684616327469,0.5753593598452069,5
0.40934946192557065,0.792307994666061,0.20508665145184285,0.5922314764221741,0.3695377704182206,0.60993969872356,0.46501788456048565,0.48160826111918564,0.8501447838035621,0.35730025001453186,0.7792690840563585,0.7053530753331407,5
0.5261547622787848,0.7468202950250735,0.21088747130137547,0.6618167169798581,0.2728624111597893,0.6022090001151272,0.483507063011153,0.556669990512993,0.9339602107261908,0.28569344588278317,0.8491322146579798,0.6193100297115327,5
0.3958874809405571,0.4560678864679648,0.4404044362238739,0.5449591140301351,0.2569439691580005,0.5990689509878931,0.452527874325209,0.43129374181040225,0.7268710604353592,0.2518190669166644,0.8226519078749968,0.7353915491194697,5
0.2942256958509186,0.6982224162247171,0.2700898705374387,0.580823192656515,0.3680125273580891,0.5868612127786205,0.2982745440135677,0.5361975194340599,0.8230123254986708,0.24735295135467575,0.7700735206798905,0.6116111731474998,5
0.37627910026027994,0.6645546501988538,0.3610202738887201,0.5645490465571503,0.3461530922656064,0.6138539310630287,0.36569960454074835,0.38914168984599157,0.7407123539154273,0.3457439207675954,0.8196379236854014,0.5271061929599163,5
0.24352047221148004,0.7492727540029774,0.22827592320085485,0.6575548670757735,0.47613789835926357,0.5751966862764231,0.34346824274359866,0.4779052380732529,0.8488428310807495,0.30204749529285424,0.7759407918175356,0.7526824372416319,5
0.426822314354939,0.5385155079313675,0.17854978082631517,0.6525625618865541,0.41349455433493726,0.6100805998354191,0.25204250870276557,0.3027380300977359,0.8632026180219792,0.32370297834445133,0.8207627101419028,0.654834970655543,5
0.5295338908984994,0.44902582684777925,0.34639382169514543,0.7105494446855076,0.4475380047139099,0.5746707006502633,0.1231591389731439,0.4340516258154211,0.8128604766945811,0.22242247076926558,0.8279674059557878,0.6463363056086814,5
0.24926662592843396,0.5313429345134533,0.3821695087225449,0.5129277384441517,0.3678559537824658,0.6265104757117603,0.4286460985075051,0.5301633947817245,0.6858754268019973,0.34732731947579665,0.8669146944495039,0.7280755929713206,5
0.37261166952844504,0.6111843295855833,0.23134879802130295,0.5621047231734804,0.40659170795384486,0.6136087597685083,0.3844002314805639,0.43125234576941174,0.7340483870803799,0.31119128228719944,0.8941526113192243,0.5908854266848221,5
0.5130475989473964,0.4962862393166972,0.2866355439039946,0.6991399355284171,0.35453282428151567,0.5522877990924591,0.30480968663709296,0.2820689592302582,0.7770943895900744,0.3110173464057215,0.9089751517949838,0.6871452905886283,5
0.411687061103373,0.5790579078930198,0.3952849499222747,0.8587470424237615,0.49360336360476587,0.5572660605536948,0.26254830328979983,0.5957991496047567,0.9653539387267354,0.2153185139585706,0.7788037429702703,0.5709884335783589,5
0.505106795796278,0.630119334043455,0.28674492335834845,0.7334722762696813,0.5048364794817332,0.5996113690978415,0.23366791563888278,0.4523622801354532,0.8868965585282969,0.22800476859408633,0.8016075498431237,0.5441773242290824,5
0.1561742498687983,0.5153073621381857,0.31347826451132976,0.6160946933437362,0.48683515479249484,0.5458520744485978,0.2613920044945027,0.5381021203855025,0.7565366504953884,0.29204993939960966,0.7960294988977233,0.6607497918021686,5
0.9005587165929283,0.4398339169719964,0.38624642388950947,0.7960821480447047,0.46752165244101473,0.8346545310946554,0.4428656423149675,0.16880473434154544,0.7909636844596493,0.21700957150679848,0.6747295760947462,0.3885334559324467,5
0.7649277780425512,0.24932011969976198,0.43183307854606,0.8287175802230943,0.49907380742803853,0.8577516651761934,0.2539027325297365,0.1875750378230236,0.7961689291527168,0.22150530781228575,0.7554227209157929,0.5018930749427601,5
0.7955642244496901,0.31027260981060867,0.5834077164911593,0.6844050463054342,0.49150727946365824,1.0,0.38803001600407994,0.1534021797411775,0.7775626685377075,0.1521126341482238,0.7224514931519084,0.33887497471420774,5
0.8888732504945556,0.4076898459277147,0.4393187808133675,0.8009886882213857,0.5437895431032835,0.881671968638043,0.0,0.10682962997096752,0.9822705538416983,0.2970956617784633,0.6071988469780066,0.13963591723697277,5
0.9544885830888559,0.5506723785692278,0.2675544322422382,0.7047583327176449,0.2835549006078212,0.7629429974122675,0.4321632906803743,0.17666846224133945,0.8657788122151713,0.23476840817693043,0.6062764182862417,0.33708736243652615,5
0.9222311978718802,0.5654920989520389,0.36058815610018746,0.7166711306635378,0.125137675319137,0.6562879508548642,0.3084573866792236,0.1696982100539724,0.9631392938661767,0.20699594942842856,0.6743004702115591,0.5178485660785743,5
0.8808000516215051,0.597185913084235,0.2932190105612138,0.7900757998418249,0.37403966035621183,0.6594767933701386,0.3070563763166433,0.3475698533162228,0.8788695511942919,0.15059645905879432,0.5361323860160446,0.3987399418674278,5
0.9673062303403983,0.6662159134998547,0.4434029262795053,0.8252573359713324,0.0,0.5066534176259089,0.4532426507091436,0.343814680181979,0.9267931014596199,0.19588041907129775,0.4843535288722552,0.47693981899429566,5
0.7499079948024554,0.37275755044952813,0.5421378820155596,0.7678262224944108,0.40961601585913093,0.804482574043041,0.5601618875409636,0.3963986814638243,0.7342282231541032,0.16652653385967606,0.5633356171312768,0.31550525778724303,5
0.9253042030757574,0.6146281047347127,0.5228898107658044,0.7739966424562713,0.043235579827567205,0.5952380919705749,0.5592761285588437,0.34739355337490063,1.0,0.2079405364401529,0.4851752979495914,0.49252000111277056,5
0.8058926895037681,0.7442374542266676,0.27152016622514596,0.8296683687422892,0.40229306373182483,0.831890893844182,0.5952819183968395,0.26246892819093737,0.913371617810093,0.3099557573476944,0.6539178289637393,0.3489130137140005,5
0.8830704087374661,0.49314742116005555,0.49523765749256554,0.8663104797501995,0.40951103619240803,0.8902177259422077,0.3394358890044993,0.10043107331751547,0.9247406289339382,0.16849410787642585,0.47025807034396255,0.19921970472442874,5
0.8112320773576116,0.6744684879891627,0.5220409024318666,0.6142938393956476,0.32401071921238095,0.7974811247817659,0.34645374033979726,0.15974403141720966,0.9489372296648001,0.39426659825517124,0.5817613595018756,0.3677835758564769,5
0.8488788534463341,0.477887381777461,0.37668493710034523,0.6279085438855694,0.2421814418621186,0.7518700421685989,0.3937683531484435,0.1687560131361188,0.8517860337992111,0.2744724566949094,0.6694309402449367,0.5313366782942177,5
0.7901846962268784,0.4653669232368074,0.40964514076754044,0.586784412687778,0.2686054231677664,0.8931607236283665,0.4003544001392184,0.0,0.8547945621397555,0.3258235337071172,0.6274698413075489,0.5487748993433342,5
0.6195945525959858,0.4373065844252649,0.2323644443840563,0.7005497763944392,0.3193117973895971,0.4957113884150884,0.3637021892390029,0.3518566500743504,0.7791731607599013,0.2389916421186382,0.81927878530475,0.6253727900625857,5
0.44253160172552986,0.8249171651539441,0.2924033817923126,0.6770372876453165,0.26913005704928245,0.5345857146951031,0.49110973408761693,0.485392620884173,0.741744308587921,0.3049591207297712,0.8146699314346817,0.5487903692845026,5
0.3688176689371699,0.9112328277166832,0.23062604963722017,0.6353336378736701,0.32079704670431874,0.5068768937707941,0.4515695577814679,0.5680574048988378,0.7463939171991388,0.3035968645610615,0.7302761108373281,0.566429148526389,5
0.46794624708006377,0.5118080800139932,0.2795027593407726,0.7395951919971759,0.3722947615837985,0.5757488031312897,0.448522717768014,0.4084018949329652,0.8434585209291598,0.2976991909006588,0.7542488995233296,0.709738516636841,5
0.533410266776047,0.45450738044254474,0.23373074504060576,0.7853857287281045,0.39626453486600427,0.6053285159478461,0.39469538938859894,0.443127315544266,0.8312968576870677,0.3062333495085792,0.7828852086352696,0.7484866033667704,5
0.4892441533385239,0.5798178705304737,0.27981001607096423,0.806515319136603,0.4249235110735156,0.5922861446211862,0.3685075060435078,0.32214167492405266,0.7404795384164506,0.3782068342311556,0.770552799960411,0.35665291133961835,5
0.5400663998265438,0.48252471090463406,0.3478628855740241,0.6911212577970333,0.3456664233577772,0.6388684302711107,0.4634186655434802,0.364496880699475,0.8375091400836652,0.25117506536970136,0.6940573555958125,0.635005690669304,5
0.5201833625031811,0.4716967965380455,0.26432976632593663,0.7133533008287227,0.41581205423129963,0.5697253906597933,0.35498867446380766,0.3868613391024699,0.8580839204004999,0.26100543174470225,0.7480071834326534,0.6582638032313478,5
0.551617530250626,0.5781173305046925,0.22958188753200398,0.6969399455816725,0.32544821701068344,0.48775721915445575,0.39040585143965,0.4074449434096774,0.7761447906037873,0.34088282704801287,0.7270264636702609,0.469728680451422,5
0.585738577757177,0.4982392115684517,0.18308438239956418,0.7744092557482012,0.3756575820766624,0.5202692381716936,0.2828380540442069,0.3485729276281828,0.9552783461538595,0.33262822358004046,0.7540933835277602,0.5916070075883014,5
0.6548911279364726,0.5433292174456448,0.13058522368165185,0.6653397285977192,0.3468161171853983,0.6241029823150547,0.44618436700200903,0.22469698306700508,0.805386645066065,0.27966958950630005,0.8463365451660113,0.6296807953980643,5
0.4143642557835473,0.5111161856929272,0.3361527361994454,0.7502759424298621,0.4016858944071925,0.6273354812297055,0.40437012024252017,0.4019711575945242,0.8024726100867973,0.2846032800022024,0.6983590954303628,0.5902364163571356,5
0.45769573543952247,0.4172115046792505,0.417749318181317,0.6805556202672745,0.38499096489799006,0.6385766018023797,0.36455055503764977,0.37226135842201113,0.7392609216079123,0.2962386539425622,0.7869798185970875,0.5752290150786807,5
0.278433615190319,0.630516607952258,0.35163261808247137,0.6002047084423096,0.3546046699350462,0.5896706239871721,0.47019154160259635,0.4324615210292315,0.7465026072019679,0.3698159911904851,0.7535742663061511,0.5911784181202493,5
0.5935809847883476,0.6560006148538697,0.14712103070650473,0.6943815507934357,0.3451488438402138,0.5189104134615004,0.481432724298853,0.439679789909334,0.85230022331424,0.2704615969671025,0.7492146995758245,0.6168335333719419,5
0.1386412615683833,0.5081239267077798,0.45493175611614767,0.31729762835050224,0.8230796614923592,0.34033214359267205,0.6479882732519306,0.7555577218240876,0.022747147005833024,0.7019081631052845,0.6718825990539101,0.4697091576852682,5
0.30649338424475686,0.38245326212738107,0.4686682508775789,0.4632756112794057,0.7457115319388902,0.30952719032374887,0.4826624318254915,0.970965564994154,0.34451537518192304,0.6321651815704765,0.627656282453557,0.5777034588025359,5
0.25647691981581633,0.8245257550081003,0.27684870276828555,0.49220230948537413,0.9076012517724813,0.45150794602101235,0.4467920611524727,0.7669867264453686,0.2878049589609209,0.7118112460923164,0.6444539694968467,0.4833373092546527,5
0.2740266044622173,0.7737246550425161,0.5024255066222393,0.46144356122315244,0.8648142084871816,0.3704962188397536,0.6280160773800086,0.8933080014794379,0.22082002273573798,0.7697027301614987,0.6334744013842666,0.4533638775610922,5
0.39600980960779464,0.671592182924044,0.5313472261121761,0.25773287716657095,0.7153219551890909,0.46742650595638285,0.567105873182828,0.928294143626707,0.23468564722215657,0.5910381920951786,0.6141591020528335,0.595470536511205,5
0.08527319645146877,0.536905188845952,0.41581237040675056,0.35591719368076274,0.7832205857532393,0.37790585821868716,0.582910412122166,0.795494362823331,0.34399711841716596,0.6932931846554091,0.5658358614696133,0.6362043282449643,5
0.18415317013856095,0.7801406322391834,0.3578924820919425,0.4862783027195185,0.7101040479689118,0.3622121850891217,0.5774575650797779,0.8659547912415386,0.3340067757429866,0.6537205627962233,0.6045892362775807,0.6091906245602691,5
0.385693437562726,0.4914100237832107,0.5072929842923267,0.3140514517168589,0.8541101870885355,0.4191431858182072,0.5856097208814157,0.8228872692415001,0.1157878931548072,0.6987667318654436,0.5769537931378079,0.5274777410063487,5
0.36150770615128214,0.44862918479353286,0.5854809280011697,0.5367749158855726,0.9812823731207846,0.29953450865377856,0.6591780587992344,1.0,0.03290723774247806,0.7465660872128501,0.5986023217206905,0.3513263605376443,5
0.1660572165621571,0.8053406755417521,0.31653793947515974,0.4039400974897526,0.868666145589342,0.4552357659444488,0.6464372103281175,0.906676605941423,0.19106996223080042,0.6217825630478562,0.6705173067601468,0.4775998301198907,5
0.23270772598592157,0.5988345452187731,0.4186495294574395,0.4132361684881259,0.8123815276396731,0.3755325475788137,0.5098933174833751,0.7543504698287333,0.185037055083491,0.6686602134410782,0.607706861604294,0.6203897386374311,5
0.16684368614136283,0.7495715033001096,0.318408730408556,0.33143043413733453,0.7774122065191212,0.4395993278867478,0.5988369177090087,0.8242228126877785,0.215588354291658,0.6541933775992286,0.7063263253056934,0.7215722146689766,5
0.3436413454855887,0.5679268447472402,0.49614848287346125,0.500321305551157,0.7795051306212688,0.2887564273551122,0.7271504889477294,0.877540374604622,0.17141888746286738,0.6843771231984909,0.571966576467515,0.6046806282474604,5
0.26734119238445536,0.8249585605609647,0.4079677161567793,0.43512750589810506,0.8184943018504625,0.4093247345742268,0.6484861148108643,0.8896189641261885,0.1772365376831837,0.579831265838117,0.6509760365078358,0.6054630740660635,5
0.3897140533741558,0.6383727528303346,0.31433588362638337,0.5417648273367235,0.9157258543987064,0.4182027215402052,0.640220467273203,0.8213181501903367,0.18970179540596876,0.7938897425513989,0.6138187439298246,0.40776510598614174,5
